Galaxy,T,D_Mpc,e_D_Mpc,f_D,Inc_deg,e_Inc_deg,L36_1e9_Lsun,e_L36_1e9_Lsun,Reff_kpc,SBeff_Lsun_pc2,Rdisk_kpc,SBdisk_Lsun_pc2,MHI_1e9_Msun,RHI_kpc,Vflat_kms,e_Vflat_kms,Q,Ref,L36_Lsun,e_L36_Lsun,MHI_Msun,Mstar_Msun,Mgas_Msun,Mbar_Msun,gas_fraction,has_Vflat,valid_BTFR_basic
CamB,10,3.36,0.26,2,65.0,5.0,0.075,0.003,1.21,7.89,0.47,66.2,0.012,1.21,0.0,0.0,2,Bm03,75000000.0,3000000.0,12000000.0,37500000.0,15960000.0,53460000.0,0.29854096520763185,False,False
D512-2,10,15.2,4.56,1,56.0,10.0,0.325,0.022,2.37,9.22,1.24,93.94,0.081,0.0,0.0,0.0,2,Tr09,325000000.0,22000000.0,81000000.0,162500000.0,107730000.0,270230000.0,0.39866040039965955,False,False
D564-8,10,8.79,0.28,2,63.0,7.0,0.033,0.004,0.72,10.11,0.61,21.13,0.029,0.0,0.0,0.0,2,Tr09,33000000.0,4000000.0,29000000.0,16500000.0,38570000.0,55070000.0,0.7003813328491011,False,False
D631-7,10,7.72,0.18,2,59.0,3.0,0.196,0.009,1.22,20.93,0.7,115.04,0.29,0.0,57.7,2.7,1,"Tr09,dB01",196000000.0,9000000.0,290000000.0,98000000.0,385700000.0,483700000.0,0.7973950795947902,True,True
DDO064,10,6.8,2.04,1,60.0,5.0,0.157,0.007,1.2,17.41,0.69,151.65,0.211,3.49,46.1,3.9,1,"dB02,Sw02",157000000.0,7000000.0,211000000.0,78500000.0,280630000.0,359130000.0,0.7814162002617436,True,True
DDO154,10,4.04,0.2,2,64.0,3.0,0.053,0.002,0.65,19.99,0.37,71.26,0.275,4.96,47.0,1.0,2,"Be91,CB89",53000000.0,2000000.0,275000000.0,26500000.0,365750000.0,392250000.0,0.9324410452517528,True,True
DDO161,10,7.5,2.25,1,70.0,10.0,0.548,0.015,2.04,20.74,1.22,169.37,1.378,10.69,66.3,1.9,1,Co00,548000000.0,15000000.0,1378000000.0,274000000.0,1832740000.0,2106740000.0,0.8699412362227897,True,True
DDO168,10,4.25,0.21,2,63.0,6.0,0.191,0.005,1.29,18.23,1.02,92.22,0.413,4.3,53.4,1.9,2,"Sa96,Br92",191000000.0,5000000.0,413000000.0,95500000.0,549290000.0,644790000.0,0.8518897625583524,True,True
DDO170,10,15.4,4.62,1,66.0,7.0,0.543,0.03,3.03,9.39,1.95,73.93,0.735,9.14,60.0,1.6,2,"Be91,La90",543000000.0,30000000.0,735000000.0,271500000.0,977550000.0,1249050000.0,0.7826348024498619,True,True
ESO079-G014,4,28.7,7.17,1,79.0,5.0,51.733,0.524,7.23,157.34,5.08,2295.25,3.14,17.67,175.0,3.5,1,Ge04,51733000000.0,524000000.0,3140000000.0,25866500000.0,4176200000.0,30042700000.0,0.13900881079263847,True,True
ESO116-G012,7,13.0,3.9,1,74.0,3.0,4.292,0.071,2.75,90.54,1.51,1320.78,1.083,9.58,109.1,3.1,1,Ge04,4292000000.0,71000000.0,1083000000.0,2146000000.0,1440390000.0,3586390000.0,0.4016267054057144,True,True
ESO444-G084,10,4.83,0.48,2,32.0,6.0,0.071,0.003,0.75,19.81,0.46,66.81,0.135,2.95,0.0,0.0,2,Co00,71000000.0,3000000.0,135000000.0,35500000.0,179550000.0,215050000.0,0.8349221111369449,False,False
ESO563-G021,4,60.8,9.1,1,83.0,3.0,311.177,2.579,10.59,429.37,5.45,6558.89,24.298,55.71,314.6,11.7,1,SG06,311177000000.0,2579000000.0,24298000000.0,155588500000.0,32316340000.0,187904840000.0,0.17198247793936547,True,True
F561-1,9,66.4,10.0,1,24.0,10.0,4.077,0.327,5.39,22.12,2.79,93.07,1.622,10.69,50.0,2.9,3,"dB97,dB96",4077000000.0,327000000.0,1622000000.0,2038500000.0,2157260000.0,4195760000.0,0.5141523824050946,True,True
F563-1,9,48.9,9.8,1,25.0,5.0,1.903,0.17,4.61,14.22,3.52,41.77,3.2,23.47,109.9,12.5,1,"KN08,dB96",1903000000.0,170000000.0,3200000000.0,951500000.0,4256000000.0,5207500000.0,0.8172827652424388,True,True
F563-V1,10,54.0,10.8,1,60.0,10.0,1.54,0.165,5.01,9.75,3.79,40.63,0.61,6.83,0.0,0.0,3,"dB97,dB96",1540000000.0,165000000.0,610000000.0,770000000.0,811300000.0,1581300000.0,0.5130588756086764,False,False
F563-V2,10,59.7,11.9,1,29.0,10.0,2.986,0.267,4.49,23.6,2.43,146.16,2.169,11.37,116.6,9.4,1,"dB01,dB96",2986000000.0,267000000.00000003,2169000000.0,1493000000.0,2884770000.0,4377770000.0,0.658958784952156,True,True
F565-V2,10,51.8,10.4,1,60.0,10.0,0.559,0.098,3.57,6.93,2.17,40.26,0.699,7.31,0.0,0.0,2,"dB97,dB96",559000000.0,98000000.0,699000000.0,279500000.0,929670000.0,1209170000.0,0.768849706823689,False,False
F567-2,9,79.0,11.8,1,20.0,10.0,2.134,0.305,5.43,11.5,3.08,46.65,2.449,14.94,0.0,0.0,3,"dB97,dB96",2134000000.0,305000000.0,2449000000.0,1067000000.0,3257170000.0,4324170000.0,0.7532474440181584,False,False
F568-1,5,90.7,9.7,1,26.0,5.0,6.252,0.564,7.0,20.36,5.18,57.13,4.498,16.31,0.0,0.0,1,"dB01,dB96",6252000000.0,564000000.0,4498000000.0,3126000000.0,5982340000.0,9108340000.0,0.6567980554085596,False,False
F568-3,7,82.4,8.24,1,40.0,10.0,8.346,0.592,7.47,23.81,4.99,132.08,3.195,16.14,0.0,0.0,1,"KN08,dB96",8346000000.0,592000000.0,3195000000.0,4173000000.0,4249350000.0,8422350000.0,0.5045325829489394,False,False
F568-V1,7,80.6,8.06,1,40.0,10.0,3.825,0.384,4.4,31.39,2.85,90.54,2.491,14.38,112.3,15.8,1,"dB01,dB96",3825000000.0,384000000.0,2491000000.0,1912500000.0,3313030000.0,5225530000.0,0.6340084163711623,True,True
F571-8,5,53.3,10.7,1,85.0,5.0,10.164,0.412,1.4,825.71,3.56,87.26,1.782,24.55,139.7,4.3,1,"dB01,dB96",10164000000.0,412000000.0,1782000000.0,5082000000.0,2370060000.0,7452060000.0,0.3180409175449473,True,True
F571-V1,7,80.1,8.0,1,30.0,10.0,1.849,0.267,4.38,15.3,2.47,64.39,1.217,10.1,83.6,3.5,2,"dB97,dB96",1849000000.0,267000000.00000003,1217000000.0,924500000.0,1618610000.0,2543110000.0,0.6364687331652976,True,True
F574-1,7,96.8,9.68,1,65.0,10.0,6.537,0.596,5.87,29.98,4.46,128.48,3.524,16.19,97.8,4.1,1,"dB01,dB96",6537000000.0,596000000.0,3524000000.0,3268500000.0,4686920000.0,7955420000.0,0.5891480273825895,True,True
F574-2,9,89.1,8.91,1,30.0,10.0,2.877,0.384,6.48,10.89,3.76,41.38,1.701,12.61,0.0,0.0,3,"dB97,dB96",2877000000.0,384000000.0,1701000000.0,1438500000.0,2262330000.0,3700830000.0,0.6113034103160643,False,False
F579-V1,5,89.5,8.95,1,26.0,10.0,11.848,0.742,5.76,56.6,3.37,201.76,2.245,20.96,112.1,13.4,1,"dB01,dB96",11848000000.0,742000000.0,2245000000.0,5924000000.0,2985850000.0,8909850000.0,0.33511787516063685,True,True
F583-1,9,35.4,8.85,1,63.0,5.0,0.986,0.093,3.74,11.19,2.36,60.93,2.126,15.65,85.8,3.6,1,"KN08,dB96",986000000.0,93000000.0,2126000000.0,493000000.0,2827580000.0,3320580000.0,0.8515319612838721,True,True
F583-4,5,53.3,10.7,1,55.0,10.0,1.715,0.185,3.31,24.94,1.93,83.34,0.641,7.8,0.0,0.0,1,"KN08,dB96",1715000000.0,185000000.0,641000000.0,857500000.0,852530000.0,1710030000.0,0.49854680912030785,False,False
IC2574,9,3.91,0.2,2,75.0,7.0,1.016,0.012,3.18,15.88,2.78,80.32,1.036,10.81,66.4,2.0,2,"Sa96,MC94",1016000000.0,12000000.0,1036000000.0,508000000.0,1377880000.0,1885880000.0,0.7306297325386557,True,True
IC4202,4,100.4,10.0,1,90.0,1.0,179.749,3.311,8.55,391.59,4.78,8888.53,12.326,32.13,242.6,11.0,1,SG06,179749000000.0,3311000000.0,12326000000.0,89874500000.0,16393580000.0,106268080000.0,0.15426626697311177,True,True
KK98-251,10,6.8,2.04,1,59.0,5.0,0.085,0.007,1.28,7.89,1.34,52.1,0.115,2.9,33.7,1.6,2,BC04,85000000.0,7000000.0,115000000.0,42500000.0,152950000.0,195450000.0,0.7825530826298286,True,True
NGC0024,5,7.3,0.36,2,64.0,3.0,3.889,0.036,2.01,151.65,1.34,1182.58,0.676,7.29,106.3,7.9,1,"Di08,Ch06",3889000000.0,36000000.0,676000000.0,1944500000.0,899080000.0,2843580000.0,0.3161789012442062,True,True
NGC0055,9,2.11,0.11,2,77.0,3.0,4.628,0.013,3.67,54.55,6.11,391.59,1.565,10.24,85.6,5.0,2,"Sa96,Pu91",4628000000.0,13000000.0,1565000000.0,2314000000.0,2081450000.0,4395450000.0,0.4735465083211048,True,True
NGC0100,6,13.5,4.05,1,89.0,1.0,3.232,0.063,2.81,64.99,1.66,1193.52,1.99,16.36,88.1,6.4,1,"dB02,Rh96",3232000000.0,63000000.0,1990000000.0,1616000000.0,2646700000.0,4262700000.0,0.620897553193985,True,True
NGC0247,7,3.7,0.19,2,74.0,3.0,7.332,0.027,5.87,33.79,3.74,506.79,1.746,12.79,104.9,8.0,2,"Sa96,Ca90",7332000000.0,27000000.0,1746000000.0,3666000000.0,2322180000.0,5988180000.0,0.3877939540895564,True,True
NGC0289,4,20.8,5.2,1,46.0,5.0,72.065,0.465,2.69,1587.93,6.74,69.96,27.469,49.51,163.0,8.0,2,Wa97,72065000000.0,465000000.0,27469000000.0,36032500000.0,36533770000.0,72566270000.0,0.503453877400616,True,True
NGC0300,7,2.08,0.1,2,42.0,10.0,2.922,0.008,1.77,147.51,1.75,437.35,0.936,9.2,93.3,7.0,2,"Sa96,CP90",2922000000.0,8000000.0,936000000.0,1461000000.0,1244880000.0,2705880000.0,0.46006474788238944,True,True
NGC0801,5,80.7,8.07,1,80.0,1.0,312.57,3.455,7.76,818.14,8.72,1558.94,23.201,44.99,220.1,6.2,1,"Sa96,Br92",312570000000.0,3455000000.0,23201000000.0,156285000000.0,30857330000.0,187142330000.0,0.1648869606357899,True,True
NGC0891,3,9.91,0.5,2,90.0,1.0,138.34,0.255,3.68,1617.45,2.55,5067.92,4.462,18.16,216.1,5.7,1,Fr11,138340000000.0,255000000.0,4462000000.0,69170000000.0,5934460000.0,75104460000.0,0.07901607973747497,True,True
NGC1003,6,11.4,3.42,1,67.0,5.0,6.82,0.075,2.76,140.87,1.61,1345.33,5.88,33.33,109.8,4.2,1,"Sa96,Br92",6820000000.0,75000000.0,5880000000.0,3410000000.0,7820400000.0,11230400000.0,0.6963598803248326,True,True
NGC1090,4,37.0,9.25,1,64.0,3.0,72.045,0.796,6.36,283.68,3.53,2055.09,8.783,30.49,164.4,3.7,1,Ge04,72045000000.0,796000000.0,8783000000.0,36022500000.0,11681390000.0,47703890000.0,0.24487290239852558,True,True
NGC1705,11,5.73,0.29,2,80.0,10.0,0.533,0.01,0.49,347.4,0.39,587.26,0.139,2.36,71.9,4.3,3,Le14,533000000.0,10000000.0,139000000.0,266500000.0,184870000.0,451370000.0,0.4095752929968762,True,True
NGC2366,10,3.27,0.16,2,68.0,5.0,0.236,0.005,1.08,31.98,0.65,113.98,0.647,6.94,50.2,3.2,3,Le14,236000000.0,5000000.0,647000000.0,118000000.0,860510000.0,978510000.0,0.8794084884160611,True,True
NGC2403,6,3.16,0.16,2,63.0,3.0,10.041,0.028,2.16,341.06,1.39,1408.74,3.199,15.11,131.2,4.9,1,"Da06,Fr02",10041000000.0,28000000.0,3199000000.0,5020500000.0,4254670000.0,9275170000.0,0.4587161205670624,True,True
NGC2683,3,9.81,0.49,2,80.0,5.0,80.415,0.222,3.34,1139.8,2.18,10205.4,1.406,13.79,154.0,8.1,2,"Sa96,Br92",80415000000.0,222000000.0,1406000000.0,40207500000.0,1869980000.0,42077480000.0,0.04444134962454976,True,True
NGC2841,3,14.1,1.4,3,76.0,10.0,188.121,0.52,5.51,983.63,3.64,4751.49,9.775,45.12,284.8,8.6,1,"Di08,Be91",188121000000.0,520000000.0,9775000000.0,94060500000.0,13000750000.0,107061250000.0,0.12143282466812222,True,True
NGC2903,4,6.6,1.98,1,66.0,3.0,81.863,0.151,4.54,632.16,2.33,1193.52,2.552,13.76,184.6,5.6,1,"Be91,Be87",81863000000.0,151000000.0,2552000000.0,40931500000.0,3394160000.0,44325660000.0,0.07657325350598276,True,True
NGC2915,11,4.06,0.2,2,56.0,4.0,0.641,0.008,0.53,347.4,0.55,313.93,0.508,7.16,83.5,6.3,2,El10,641000000.0,8000000.0,508000000.0,320500000.0,675640000.0,996140000.0,0.6782580761740318,True,True
NGC2955,3,97.9,9.8,1,56.0,7.0,319.422,4.413,7.22,974.61,18.76,50.68,28.949,40.34,0.0,0.0,1,SG06,319422000000.0,4413000000.0,28949000000.0,159711000000.0,38502170000.0,198213170000.0,0.19424627536101663,False,False
NGC2976,5,3.58,0.18,2,61.0,10.0,3.371,0.019,1.31,308.2,1.01,1502.55,0.172,3.04,85.4,3.3,2,Si03,3371000000.0,19000000.0,172000000.0,1685500000.0,228760000.0,1914260000.0,0.11950309780280631,True,True
NGC2998,5,68.1,10.2,1,58.0,2.0,150.902,2.085,7.06,479.55,6.2,774.16,23.451,43.58,209.9,8.1,1,"Sa96,Br92",150902000000.0,2085000000.0,23451000000.0,75451000000.0,31189830000.0,106640830000.0,0.292475499299846,True,True
NGC3109,9,1.33,0.07,2,70.0,5.0,0.194,0.002,1.64,11.4,1.56,140.87,0.477,6.0,66.2,2.6,1,"Be91,JC90",194000000.0,2000000.0,477000000.0,97000000.0,634410000.0,731410000.0,0.8673794451812253,True,True
NGC3198,5,13.8,1.4,3,73.0,3.0,38.279,0.212,5.84,178.99,3.14,1602.62,10.869,35.66,150.1,3.9,1,"Da06,Be91,Be87",38279000000.0,212000000.0,10869000000.0,19139500000.0,14455770000.0,33595270000.0,0.43029182381924597,True,True
NGC3521,4,7.7,2.3,1,75.0,5.0,84.836,0.156,2.45,2232.7,2.4,2112.66,4.154,18.85,213.7,15.9,1,"Da06,Sa96",84836000000.0,156000000.0,4154000000.0,42418000000.0,5524820000.0,47942820000.0,0.1152376935691309,True,True
NGC3726,5,18.0,2.5,4,53.0,2.0,70.234,0.388,7.52,198.08,3.4,1789.91,6.473,22.2,168.0,6.2,2,"VS01,SV98",70234000000.0,388000000.0,6473000000.0,35117000000.0,8609090000.0,43726090000.0,0.19688680144966084,True,True
NGC3741,10,3.21,0.17,2,70.0,4.0,0.028,0.001,0.32,42.94,0.2,143.49,0.182,4.2,50.1,2.1,1,"Ge07,Bm05",28000000.0,1000000.0,182000000.0,14000000.0,242060000.0,256060000.0,0.9453253143794423,True,True
NGC3769,3,18.0,2.5,4,70.0,2.0,18.679,0.189,2.18,626.37,3.38,160.26,5.529,22.57,118.6,8.4,2,"VS01,SV98",18679000000.0,189000000.0,5529000000.0,9339500000.0,7353570000.0,16693070000.0,0.44051633402363977,True,True
NGC3877,5,18.0,2.5,4,76.0,1.0,72.535,0.401,4.39,598.18,2.53,3410.59,1.483,11.47,168.4,5.1,2,"VS01,SV98",72535000000.0,401000000.0,1483000000.0,36267500000.0,1972390000.0,38239890000.0,0.05157938477333486,True,True
NGC3893,5,18.0,2.5,4,49.0,2.0,58.525,0.377,2.43,1573.37,2.38,2055.09,5.799,20.84,174.0,8.9,1,"VS01,SV98",58525000000.0,377000000.0,5799000000.0,29262500000.0,7712670000.0,36975170000.0,0.20859052169334177,True,True
NGC3917,6,18.0,2.5,4,79.0,2.0,21.966,0.202,5.56,112.94,2.63,1226.96,1.888,14.08,135.9,4.1,1,"VS01,SV98",21966000000.0,202000000.0,1888000000.0,10983000000.0,2511040000.0,13494040000.0,0.18608511609569856,True,True
NGC3949,4,18.0,2.5,4,55.0,2.0,38.067,0.28,2.39,1058.84,3.59,185.71,3.371,13.72,163.0,7.1,2,"VS01,SV98",38067000000.0,280000000.0,3371000000.0,19033500000.0,4483430000.0,23516930000.0,0.19064690841874343,True,True
NGC3953,4,18.0,2.5,4,62.0,1.0,141.301,0.521,6.17,587.26,4.89,1999.08,2.832,17.38,220.8,6.1,1,"VS01,SV98",141301000000.0,521000000.0,2832000000.0,70650500000.0,3766560000.0,74417060000.0,0.0506142005610004,True,True
NGC3972,4,18.0,2.5,4,77.0,1.0,14.353,0.172,3.73,164.75,2.18,1587.93,1.214,10.05,132.7,2.9,1,"VS01,SV98",14353000000.0,172000000.0,1214000000.0,7176500000.0,1614620000.0,8791120000.0,0.18366488001528816,True,True
NGC3992,4,23.7,2.3,5,56.0,2.0,226.932,0.836,9.99,360.44,4.96,3257.09,16.599,32.75,241.0,5.2,1,"VS01,SV98",226932000000.0,836000000.0,16599000000.0,113466000000.0,22076670000.0,135542670000.0,0.1628761629086988,True,True
NGC4010,7,18.0,2.5,4,89.0,1.0,17.193,0.19,6.63,14.75,2.81,2611.14,2.832,17.59,125.8,4.7,2,"VS01,SV98",17193000000.0,190000000.0,2832000000.0,8596500000.0,3766560000.0,12363060000.0,0.3046624379401216,True,True
NGC4013,3,18.0,2.5,4,89.0,1.0,79.094,0.364,4.11,746.16,3.53,10205.4,2.967,31.35,172.9,7.1,2,"VS01,SV98",79094000000.0,364000000.0,2967000000.0,39547000000.0,3946110000.0,43493110000.0,0.09072954313913169,True,True
NGC4051,4,18.0,2.5,4,49.0,3.0,95.268,0.439,6.87,319.76,4.65,1320.78,2.697,15.13,157.0,5.5,2,"VS01,SV98",95268000000.0,439000000.0,2697000000.0,47634000000.0,3587010000.0,51221010000.0,0.07003005212119011,True,True
NGC4068,10,4.37,0.22,2,44.0,6.0,0.236,0.005,1.11,30.26,0.59,261.11,0.154,3.18,0.0,0.0,2,Le14,236000000.0,5000000.0,154000000.0,118000000.0,204820000.0,322820000.0,0.634471222353014,False,False
NGC4085,5,18.0,2.5,4,82.0,2.0,21.724,0.2,2.0,856.7,1.65,5021.46,1.349,10.16,131.5,4.8,2,"VS01,SV98",21724000000.0,200000000.0,1349000000.0,10862000000.0,1794170000.0,12656170000.0,0.1417624763257763,True,True
NGC4088,4,18.0,2.5,4,69.0,2.0,107.286,0.494,6.1,457.96,2.58,3988.69,8.226,22.25,171.7,6.9,1,"VS01,SV98",107286000000.0,494000000.0,8226000000.000001,53643000000.0,10940580000.000002,64583580000.0,0.16940188202636028,True,True
NGC4100,4,18.0,2.5,4,73.0,2.0,59.394,0.328,4.93,388.0,2.15,8970.78,3.102,18.06,158.2,5.0,1,"VS01,SV98",59394000000.0,328000000.0,3102000000.0,29697000000.0,4125660000.0,33822660000.0,0.12197917017762648,True,True
NGC4138,0,18.0,2.5,4,53.0,3.0,44.111,0.284,1.91,1909.11,1.51,3952.12,1.483,18.58,147.3,5.9,2,"VS01,SV98",44111000000.0,284000000.0,1483000000.0,22055500000.0,1972390000.0,24027890000.0,0.08208752412300872,True,True
NGC4157,3,18.0,2.5,4,82.0,3.0,105.62,0.486,4.44,848.85,2.32,23813.87,8.226,24.09,184.7,7.2,1,"VS01,SV98",105620000000.0,486000000.0,8226000000.000001,52810000000.0,10940580000.000002,63750580000.0,0.17161537981301506,True,True
NGC4183,6,18.0,2.5,4,82.0,2.0,10.838,0.15,4.47,86.46,2.79,1098.58,3.506,16.07,110.6,5.4,1,"VS01,SV98",10838000000.0,150000000.0,3506000000.0,5419000000.0,4662980000.0,10081980000.0,0.46250637275614515,True,True
NGC4214,10,2.87,0.14,2,15.0,10.0,1.141,0.008,0.7,363.77,0.51,1308.67,0.486,5.84,80.1,5.8,2,Le14,1141000000.0,8000000.0,486000000.0,570500000.0,646380000.0,1216880000.0,0.5311780947998159,True,True
NGC4217,3,18.0,2.5,4,86.0,2.0,85.299,0.393,5.28,483.98,2.94,4373.51,2.562,16.7,181.3,7.2,1,"VS01,SV98",85299000000.0,393000000.0,2562000000.0,42649500000.0,3407460000.0,46056960000.0,0.0739836063865266,True,True
NGC4389,4,18.0,2.5,4,50.0,4.0,21.328,0.216,4.05,207.41,2.79,322.72,0.539,6.81,0.0,0.0,3,"VS01,SV98",21328000000.0,216000000.0,539000000.0,10664000000.0,716870000.0,11380870000.0,0.06298903335158033,False,False
NGC4559,6,9.0,2.7,1,67.0,1.0,19.377,0.107,3.82,211.27,2.1,1602.62,5.811,21.16,121.2,5.1,1,Ba05,19377000000.0,107000000.0,5811000000.0,9688500000.0,7728630000.0,17417130000.0,0.4437372862233904,True,True
NGC5005,4,16.9,1.5,5,68.0,2.0,178.72,0.494,3.97,1789.91,9.45,96.57,1.28,10.41,262.2,20.7,1,Ri15,178720000000.0,494000000.0,1280000000.0,89360000000.0,1702400000.0,91062400000.0,0.01869487296622975,True,True
NGC5033,5,15.7,4.7,1,66.0,1.0,110.509,0.407,2.94,2036.24,5.16,614.94,11.314,29.53,194.2,3.6,1,"Sa96,Be87",110509000000.0,407000000.0,11314000000.0,55254500000.0,15047620000.0,70302120000.0,0.21404219389116572,True,True
NGC5055,4,9.9,0.3,2,55.0,6.0,152.922,0.282,4.18,1383.02,3.2,3348.34,11.722,35.06,179.0,4.9,1,"Ba06,Bl04",152922000000.0,282000000.0,11722000000.0,76461000000.0,15590260000.0,92051260000.0,0.16936498207629097,True,True
NGC5371,4,39.7,9.92,1,53.0,2.0,340.393,1.881,9.8,560.83,7.44,1395.82,11.18,30.03,209.5,3.9,1,"Sa96,Be87",340393000000.0,1881000000.0,11180000000.0,170196500000.0,14869400000.0,185065900000.0,0.08034651440378805,True,True
NGC5585,7,7.06,2.12,1,51.0,2.0,2.943,0.033,2.27,90.54,1.53,297.05,1.683,10.92,90.3,2.4,1,"Bl99,Sa96,Co91",2943000000.0,33000000.0,1683000000.0,1471500000.0,2238390000.0,3709890000.0,0.6033575119477936,True,True
NGC5907,5,17.3,0.9,2,88.0,2.0,175.425,0.646,7.88,449.6,5.34,8646.29,21.025,0.0,215.0,2.9,1,"Sa96,SA87",175425000000.0,646000000.0,21025000000.0,87712500000.0,27963250000.0,115675750000.0,0.24173822084576932,True,True
NGC5985,3,39.7,9.9,1,60.0,2.0,208.728,1.538,10.71,288.95,7.01,1461.61,11.586,39.5,293.6,8.6,1,"Bl04,Br92",208728000000.0,1538000000.0,11586000000.0,104364000000.0,15409380000.0,119773380000.0,0.12865446395517935,True,True
NGC6015,6,17.0,5.1,1,60.0,2.0,32.129,0.237,3.92,331.76,2.3,1926.77,5.834,21.43,154.1,7.0,2,VM97,32128999999.999996,237000000.0,5834000000.0,16064499999.999998,7759220000.0,23823720000.0,0.32569304877659744,True,True
NGC6195,3,127.8,12.8,1,62.0,5.0,391.076,6.123,9.52,686.8,13.94,174.11,20.907,40.89,251.7,9.3,1,SG06,391076000000.0,6123000000.0,20907000000.0,195538000000.0,27806310000.0,223344310000.0,0.12449974660200656,True,True
NGC6503,6,6.26,0.31,2,74.0,2.0,12.845,0.059,1.62,774.16,2.16,398.87,1.744,14.05,116.3,2.4,1,"Be91,Be87",12845000000.0,59000000.0,1744000000.0,6422500000.0,2319520000.0,8742020000.0,0.26532998094261967,True,True
NGC6674,3,51.2,10.2,1,54.0,6.0,214.654,1.977,7.75,560.83,6.04,1370.35,32.165,50.02,241.3,4.9,1,"Sa96,Br92",214654000000.0,1977000000.0,32165000000.0,107327000000.0,42779450000.0,150106450000.0,0.2849940825327626,True,True
NGC6789,11,3.52,0.18,2,43.0,7.0,0.1,0.003,0.52,59.27,0.31,319.76,0.017,0.97,0.0,0.0,2,Le14,100000000.0,3000000.0,17000000.0,50000000.0,22610000.0,72610000.0,0.3113896157554056,False,False
NGC6946,6,5.52,1.66,2,38.0,2.0,66.173,0.122,4.2,571.26,2.44,2232.7,5.67,21.25,158.9,10.9,1,Bo08,66173000000.0,122000000.0,5670000000.0,33086500000.0,7541100000.0,40627600000.0,0.1856151975504337,True,True
NGC7331,3,14.7,1.5,3,75.0,2.0,250.631,0.693,3.99,2470.76,5.02,1806.47,11.067,27.01,239.0,5.4,1,"Be91,Be87",250631000000.0,693000000.0,11067000000.0,125315500000.0,14719110000.0,140034610000.0,0.10511051517906894,True,True
NGC7793,7,3.61,0.18,2,47.0,9.0,7.05,0.026,2.19,233.79,1.21,1068.64,0.861,7.35,0.0,0.0,1,"Di08,Sa96,CP90",7050000000.0,26000000.0,861000000.0,3525000000.0,1145130000.0,4670130000.0,0.24520302432694593,False,False
NGC7814,2,14.4,0.66,2,90.0,1.0,74.529,0.343,2.08,2709.13,2.54,2635.3,1.07,12.15,218.9,7.0,1,Fr11,74529000000.0,343000000.0,1070000000.0000001,37264500000.0,1423100000.0000002,38687600000.0,0.036784396033871326,True,True
PGC51017,11,13.6,1.4,2,66.0,3.0,0.155,0.014,1.28,15.03,0.53,93.94,0.201,4.29,18.6,1.3,3,Le14,155000000.0,14000000.0,201000000.0,77500000.0,267330000.0,344830000.0,0.7752515732389873,True,True
UGC00128,8,64.5,9.7,1,57.0,10.0,12.02,0.565,9.63,20.36,5.95,88.89,7.431,31.27,129.3,2.8,1,"VB99,VH93",12020000000.0,565000000.0,7431000000.0,6010000000.0,9883230000.0,15893230000.0,0.6218515682463539,True,True
UGC00191,9,17.1,5.1,1,45.0,5.0,2.004,0.063,2.5,50.21,1.58,207.41,1.343,10.03,0.0,0.0,1,"KN08,vZ97",2004000000.0,63000000.0,1343000000.0,1002000000.0,1786190000.0,2788190000.0,0.6406270734777759,False,False
UGC00634,9,30.9,7.7,1,37.0,8.0,2.989,0.146,4.26,26.11,2.45,126.13,3.663,16.78,0.0,0.0,2,vZ97,2989000000.0,146000000.0,3663000000.0,1494500000.0,4871790000.0,6366290000.0,0.7652478916291906,False,False
UGC00731,10,12.5,3.75,1,57.0,3.0,0.323,0.019,1.4,25.63,2.3,82.57,1.807,11.57,73.3,2.3,1,"Sw09,Sw02",323000000.0,19000000.0,1807000000.0,161500000.0,2403310000.0,2564810000.0,0.9370323727683532,True,True
UGC00891,9,10.2,3.1,1,60.0,5.0,0.374,0.017,1.76,19.09,1.43,113.98,0.428,6.23,0.0,0.0,2,vZ97,374000000.0,17000000.0,428000000.0,187000000.0,569240000.0,756240000.0,0.7527240029620227,False,False
UGC01230,9,53.7,10.7,1,22.0,10.0,7.62,0.379,6.45,28.63,4.34,69.32,6.43,26.29,103.7,6.1,1,"dB02,VdH93",7620000000.0,379000000.0,6430000000.0,3810000000.0,8551900000.0,12361900000.0,0.6917949506143878,True,True
UGC01281,8,5.27,0.24,2,90.0,1.0,0.353,0.009,2.01,13.83,1.63,135.78,0.294,5.26,55.2,3.5,1,"dB02,Sw02",353000000.0,9000000.0,294000000.0,176500000.0,391020000.0,567520000.0,0.6889977445728784,True,True
UGC02023,10,10.4,3.1,1,19.0,10.0,1.308,0.033,2.73,27.59,1.55,121.57,0.477,6.5,0.0,0.0,2,"Sw09,Sw02",1308000000.0,33000000.0,477000000.0,654000000.0,634410000.0,1288410000.0,0.4923976063520153,False,False
UGC02259,8,10.5,3.1,1,41.0,3.0,1.725,0.038,2.4,47.08,1.62,172.52,0.494,7.28,86.2,2.9,2,"Be91,Ca88",1725000000.0,38000000.0,494000000.0,862500000.0,657020000.0,1519520000.0,0.43238654311887964,True,True
UGC02455,10,6.92,2.08,1,51.0,5.0,3.649,0.034,1.49,254.0,0.99,795.85,0.803,7.11,0.0,0.0,3,"Sw09,Sw02",3649000000.0,34000000.0,803000000.0,1824500000.0,1067990000.0,2892490000.0,0.36922858851715995,False,False
UGC02487,0,69.1,10.4,1,36.0,5.0,489.955,4.061,9.63,818.14,7.89,1150.35,17.963,40.2,332.0,3.5,1,"No07,No05",489955000000.0,4061000000.0,17963000000.0,244977500000.0,23890790000.0,268868290000.0,0.08885685255036956,True,True
UGC02885,5,80.6,8.06,1,64.0,4.0,403.525,4.088,12.2,421.53,11.4,470.79,40.075,74.24,289.5,12.0,1,"Sa96,RA85",403525000000.0,4088000000.0,40075000000.0,201762500000.0,53299750000.0,255062250000.0,0.2089676147685516,True,True
UGC02916,2,65.4,9.8,1,50.0,5.0,124.153,1.83,2.8,2425.66,6.15,520.99,23.273,34.24,182.7,6.9,2,"No07,No05",124153000000.0,1830000000.0,23273000000.0,62076500000.0,30953090000.0,93029590000.0,0.3327230615549311,True,True
UGC02953,2,16.5,4.95,1,50.0,4.0,259.518,0.717,5.03,1544.65,3.55,4215.31,7.678,24.0,264.9,6.0,2,"No07,No05",259517999999.99997,717000000.0,7678000000.0,129758999999.99998,10211740000.0,139970740000.0,0.07295624785580186,True,True
UGC03205,2,50.0,10.0,1,67.0,4.0,113.642,1.361,5.35,587.26,3.19,3915.89,9.677,28.6,219.6,8.6,1,"No07,No05",113642000000.0,1361000000.0,9677000000.0,56821000000.0,12870410000.0,69691410000.0,0.1846771359626674,True,True
UGC03546,1,28.7,7.2,1,55.0,5.0,101.336,0.747,2.58,2403.42,3.79,922.21,2.675,18.37,196.9,7.4,1,"No07,No05",101336000000.0,747000000.0,2675000000.0,50668000000.0,3557750000.0,54225750000.0,0.0656099731216258,True,True
UGC03580,1,20.7,5.2,1,63.0,4.0,13.266,0.195,1.84,614.94,2.43,302.57,4.37,19.97,126.2,3.2,2,"No07,No05",13266000000.0,195000000.0,4370000000.0,6633000000.0,5812100000.0,12445100000.0,0.4670191480984484,True,True
UGC04278,7,9.51,2.85,1,90.0,3.0,1.307,0.026,2.46,34.11,2.21,377.42,1.116,8.9,91.4,4.8,1,"dB02,Sw02",1307000000.0,26000000.0,1116000000.0,653500000.0,1484280000.0,2137780000.0,0.6943090495747926,True,True
UGC04305,10,3.45,0.17,2,40.0,10.0,0.736,0.007,1.23,76.71,1.16,88.07,0.69,7.41,34.5,2.7,3,"Sw09,Sw02",736000000.0,7000000.0,690000000.0,368000000.0,917700000.0,1285700000.0,0.7137745974955277,True,True
UGC04325,9,9.6,2.88,1,41.0,3.0,2.026,0.035,2.79,41.0,1.86,213.22,0.678,6.61,90.9,2.7,1,"Sw09,Sw02",2025999999.9999998,35000000.0,678000000.0,1012999999.9999999,901740000.0,1914740000.0,0.4709464470371956,True,True
UGC04483,10,3.34,0.31,2,58.0,3.0,0.013,0.001,0.26,29.71,0.18,82.57,0.032,1.46,0.0,0.0,2,"Le14,Le12",13000000.0,1000000.0,32000000.0,6500000.0,42560000.0,49060000.0,0.8675091724419078,False,False
UGC04499,8,12.5,3.75,1,50.0,3.0,1.552,0.043,2.69,33.79,1.73,127.3,1.1,8.67,72.8,2.4,1,"Sw09,Sw02",1552000000.0,43000000.0,1100000000.0,776000000.0,1463000000.0,2239000000.0,0.6534167038856632,True,True
UGC05005,10,53.7,10.7,1,41.0,10.0,4.1,0.283,5.02,25.63,3.2,65.59,3.093,21.61,98.9,7.2,1,"dB02,VH93",4099999999.9999995,283000000.0,3093000000.0,2049999999.9999998,4113690000.0,6163690000.0,0.6674070240391713,True,True
UGC05253,2,22.9,5.72,1,37.0,4.0,171.582,0.79,4.28,1488.78,8.07,189.16,16.396,36.64,213.7,7.1,2,"No07,No05",171582000000.0,790000000.0,16396000000.0,85791000000.0,21806680000.0,107597680000.0,0.202668682075673,True,True
UGC05414,10,9.4,2.82,1,55.0,3.0,1.123,0.028,2.33,32.87,1.47,127.3,0.574,6.65,0.0,0.0,1,"Sw09,Sw02",1123000000.0,28000000.0,574000000.0,561500000.0,763420000.0,1324920000.0,0.5762008272197566,False,False
UGC05716,9,21.3,5.3,1,54.0,10.0,0.588,0.042,1.84,27.59,1.14,90.54,1.094,10.64,73.1,1.2,2,vZ97,588000000.0,42000000.0,1094000000.0,294000000.0,1455020000.0,1749020000.0,0.83190586728568,True,True
UGC05721,7,6.18,1.85,1,61.0,5.0,0.531,0.011,0.6,233.79,0.38,913.76,0.562,6.74,79.7,6.6,1,"dB02,Sw02",531000000.0,11000000.0,562000000.0,265500000.0,747460000.0,1012960000.0,0.7378968567366925,True,True
UGC05750,8,58.7,11.7,1,64.0,10.0,3.336,0.264,8.8,6.87,3.46,124.98,1.099,16.79,0.0,0.0,1,"dB01,VdH93",3336000000.0,264000000.0,1099000000.0,1668000000.0,1461670000.0,3129670000.0,0.46703646071311034,False,False
UGC05764,10,7.47,2.24,1,60.0,10.0,0.085,0.006,1.2,9.31,1.17,33.79,0.163,3.51,0.0,0.0,2,vZ97,85000000.0,6000000.0,163000000.0,42500000.0,216790000.0,259290000.0,0.8360908635118979,False,False
UGC05829,10,8.64,2.59,1,34.0,10.0,0.564,0.019,2.91,10.59,1.99,63.22,1.023,7.87,0.0,0.0,2,"Sw09,Sw02",564000000.0,19000000.0,1022999999.9999999,282000000.0,1360590000.0,1642590000.0,0.8283199094113565,False,False
UGC05918,10,7.66,2.3,1,46.0,5.0,0.233,0.011,2.63,5.36,1.66,24.94,0.297,5.9,0.0,0.0,2,"Sw09,Sw02",233000000.0,11000000.0,297000000.0,116500000.0,395010000.0,511510000.0,0.7722429669019178,False,False
UGC05986,9,8.63,2.59,1,90.0,3.0,4.695,0.048,3.12,76.71,1.67,1725.16,2.667,16.53,113.0,4.1,2,"Sw09,Sw02",4695000000.0,48000000.0,2667000000.0,2347500000.0,3547110000.0,5894610000.0,0.6017548234743265,True,True
UGC05999,10,47.7,9.5,1,22.0,10.0,3.384,0.231,4.83,22.95,3.22,51.62,2.022,15.26,0.0,0.0,2,"dB97,VH93",3384000000.0,231000000.0,2021999999.9999998,1692000000.0,2689260000.0,4381260000.0,0.6138097259692418,False,False
UGC06399,9,18.0,2.5,4,75.0,2.0,2.296,0.072,3.45,30.82,2.05,311.05,0.674,8.8,85.0,3.8,1,"VS01,SV98",2296000000.0,72000000.0,674000000.0,1148000000.0,896420000.0,2044420000.0,0.4384715469424091,True,True
UGC06446,7,12.0,3.6,1,51.0,3.0,0.988,0.032,2.06,37.05,1.49,86.46,1.379,10.33,82.2,4.3,1,"VS01,SV98",988000000.0,32000000.0,1379000000.0,494000000.0,1834070000.0,2328070000.0,0.7878070676569003,True,True
UGC06614,1,88.7,8.87,1,36.0,10.0,124.35,2.52,3.68,1461.61,5.1,540.54,21.888,60.63,199.8,16.0,1,"dB01,VH93",124350000000.0,2520000000.0,21888000000.0,62175000000.0,29111040000.0,91286040000.0,0.3188991438340408,True,True
UGC06628,9,15.1,4.53,1,20.0,10.0,3.739,0.076,4.14,34.74,2.82,103.0,1.5,10.47,41.8,6.4,2,"Sw09,Sw02",3739000000.0,76000000.0,1500000000.0,1869500000.0,1995000000.0,3864500000.0,0.5162375469012809,True,True
UGC06667,6,18.0,2.5,4,89.0,1.0,1.397,0.066,3.5,18.06,5.15,614.94,0.809,8.59,83.8,3.1,1,"VS01,SV98",1397000000.0,66000000.0,809000000.0,698500000.0,1075970000.0,1774470000.0,0.6063613360609084,True,True
UGC06786,0,29.3,7.32,1,64.0,3.0,73.407,0.676,3.42,992.73,3.6,1078.52,5.03,20.31,219.4,7.8,1,"No07,No05",73407000000.0,676000000.0,5030000000.0,36703500000.0,6689900000.0,43393400000.0,0.15416860628574852,True,True
UGC06787,2,21.3,5.32,1,66.0,3.0,98.256,0.543,2.88,1891.6,5.37,429.37,5.03,26.44,248.1,4.8,2,"No07,No05",98256000000.0,543000000.0,5030000000.0,49128000000.0,6689900000.0,55817900000.0,0.11985223378163636,True,True
UGC06818,9,18.0,2.5,4,75.0,3.0,1.588,0.057,2.12,56.08,1.39,286.31,1.079,6.96,71.2,4.0,2,"VS01,SV98",1588000000.0,57000000.0,1079000000.0,794000000.0,1435070000.0,2229070000.0,0.6437976375797978,True,True
UGC06917,9,18.0,2.5,4,56.0,2.0,6.832,0.12,4.52,53.07,2.76,261.11,2.023,12.67,108.7,3.5,1,"VS01,SV98",6832000000.0,120000000.0,2023000000.0000002,3416000000.0,2690590000.0000005,6106590000.0,0.4406043307312265,True,True
UGC06923,10,18.0,2.5,4,65.0,2.0,2.89,0.077,1.66,166.28,1.44,347.4,0.809,6.75,79.6,2.5,2,"VS01,SV98",2890000000.0,77000000.0,809000000.0,1445000000.0,1075970000.0,2520970000.0,0.4268079350408771,True,True
UGC06930,7,18.0,2.5,4,32.0,5.0,8.932,0.14,4.38,73.93,3.94,189.16,3.237,16.76,107.2,5.1,1,"VS01,SV98",8932000000.0,140000000.0,3237000000.0,4466000000.0,4305210000.0,8771210000.0,0.49083421785591724,True,True
UGC06973,2,18.0,2.5,4,71.0,3.0,53.87,0.347,1.61,3317.65,1.07,12730.05,1.753,11.57,174.2,6.2,3,"VS01,SV98",53870000000.0,347000000.0,1753000000.0,26935000000.0,2331490000.0,29266490000.0,0.07966414831433492,True,True
UGC06983,6,18.0,2.5,4,49.0,1.0,5.298,0.102,3.95,53.56,3.21,121.57,2.967,16.07,109.0,5.8,1,"VS01,SV98",5298000000.0,102000000.0,2967000000.0,2649000000.0,3946110000.0,6595110000.0,0.5983387691789827,True,True
UGC07089,8,18.0,2.5,4,80.0,3.0,3.585,0.089,3.9,37.4,2.26,520.99,1.214,9.29,0.0,0.0,2,"VS01,SV98",3585000000.0,89000000.0,1214000000.0,1792500000.0,1614620000.0,3407120000.0,0.47389584164925214,False,False
UGC07125,9,19.8,5.9,1,90.0,3.0,2.712,0.08,3.92,28.11,3.38,103.0,4.629,23.04,65.2,2.1,1,"Sw09,Sw02",2712000000.0,80000000.0,4629000000.0,1356000000.0,6156570000.0,7512570000.0,0.8195025137868932,True,True
UGC07151,6,6.87,0.34,2,90.0,3.0,2.284,0.025,2.17,76.71,1.25,965.67,0.616,6.39,73.5,2.8,1,"Sw09,Sw02",2284000000.0,25000000.0,616000000.0,1142000000.0,819280000.0,1961280000.0,0.417727198564203,True,True
UGC07232,10,2.83,0.17,2,59.0,5.0,0.113,0.002,0.46,83.34,0.29,227.42,0.046,1.54,0.0,0.0,2,"Sw09,Sw02",113000000.0,2000000.0,46000000.0,56500000.0,61180000.0,117680000.0,0.5198844323589396,False,False
UGC07261,8,13.1,3.93,1,30.0,10.0,1.753,0.048,2.66,39.16,1.2,566.02,1.388,10.1,74.7,3.4,2,"Sw09,Sw02",1753000000.0,48000000.0,1388000000.0,876500000.0,1846040000.0,2722540000.0,0.678057989965253,True,True
UGC07323,8,8.0,2.4,1,47.0,3.0,4.109,0.042,3.26,61.49,2.26,283.68,0.722,7.14,0.0,0.0,1,"Sw09,Sw02",4109000000.0,42000000.0,722000000.0,2054500000.0,960260000.0,3014760000.0,0.3185195504783134,False,False
UGC07399,8,8.43,2.53,1,55.0,3.0,1.156,0.024,1.27,113.98,1.64,135.78,0.745,7.85,103.0,3.3,1,"Sw09,Sw02",1156000000.0,24000000.0,745000000.0,578000000.0,990850000.0,1568850000.0,0.6315772699748223,True,True
UGC07524,9,4.74,0.24,2,46.0,3.0,2.436,0.025,3.61,29.71,3.46,106.86,1.779,12.11,79.5,3.6,1,"Sw09,Sw02",2436000000.0,25000000.0,1779000000.0,1218000000.0,2366070000.0,3584070000.0,0.6601628874436046,True,True
UGC07559,10,4.97,0.25,2,61.0,3.0,0.109,0.004,0.98,17.9,0.58,55.06,0.169,3.76,0.0,0.0,2,"Sw09,Sw02",109000000.0,4000000.0,169000000.0,54500000.0,224770000.0,279270000.0,0.8048483546388799,False,False
UGC07577,10,2.59,0.13,2,63.0,3.0,0.045,0.002,0.77,11.94,0.9,54.55,0.044,2.07,0.0,0.0,2,"Sw09,Sw02",45000000.0,2000000.0,44000000.0,22500000.0,58520000.0,81020000.0,0.722290792396939,False,False
UGC07603,7,4.7,1.41,1,78.0,3.0,0.376,0.008,0.85,81.81,0.53,520.99,0.258,4.37,61.6,2.8,1,"Sw09,Sw02",376000000.0,8000000.0,258000000.0,188000000.0,343140000.0,531140000.0,0.6460443574198893,True,True
UGC07608,10,8.21,2.46,1,25.0,10.0,0.264,0.012,1.6,16.48,1.5,46.65,0.535,6.73,0.0,0.0,1,"Sw09,Sw02",264000000.0,12000000.0,535000000.00000006,132000000.0,711550000.0000001,843550000.0000001,0.8435184636358248,False,False
UGC07690,10,8.11,2.43,1,41.0,5.0,0.858,0.018,0.86,184.01,0.57,395.21,0.39,5.5,57.4,3.2,2,"Sw09,Sw02",858000000.0,18000000.0,390000000.0,429000000.0,518700000.0,947700000.0,0.5473251028806584,True,True
UGC07866,10,4.57,0.23,2,44.0,5.0,0.124,0.004,0.95,21.92,0.61,97.46,0.118,3.3,0.0,0.0,2,"Sw09,Sw02",124000000.0,4000000.0,118000000.0,62000000.0,156940000.0,218940000.0,0.71681739289303,False,False
UGC08286,6,6.5,0.21,2,90.0,3.0,1.255,0.018,2.25,39.52,1.05,1488.78,0.642,8.07,82.4,2.3,1,"Sw09,Sw02",1255000000.0,18000000.0,642000000.0,627500000.0,853860000.0,1481360000.0,0.5764027650267322,True,True
UGC08490,9,4.65,0.53,2,50.0,3.0,1.017,0.012,1.14,124.98,0.67,576.54,0.72,7.8,78.6,3.8,1,"Sw09,Sw02",1016999999.9999999,12000000.0,720000000.0,508499999.99999994,957600000.0,1466100000.0,0.6531614487415592,True,True
UGC08550,7,6.7,2.0,1,90.0,3.0,0.289,0.009,1.01,45.38,0.45,1284.78,0.288,5.59,56.9,1.9,1,"Sw09,Sw02",289000000.0,9000000.0,288000000.0,144500000.0,383040000.0,527540000.0,0.7260871213557266,True,True
UGC08699,2,39.3,9.82,1,73.0,9.0,50.302,0.695,1.91,2191.95,3.09,1370.35,3.738,19.05,182.4,6.9,2,"No07,No05",50302000000.0,695000000.0,3738000000.0,25151000000.0,4971540000.0,30122540000.0,0.1650438508837568,True,True
UGC08837,10,7.21,0.36,2,80.0,5.0,0.501,0.015,2.25,15.73,1.72,77.42,0.32,4.75,0.0,0.0,2,"Sw09,Sw02",501000000.0,15000000.0,320000000.0,250500000.0,425600000.0,676100000.0,0.6294926785978405,False,False
UGC09037,6,83.6,8.4,1,65.0,5.0,68.614,1.769,5.69,334.83,4.28,841.07,19.078,39.72,152.3,9.6,2,Ha14,68614000000.00001,1769000000.0,19078000000.0,34307000000.000004,25373740000.0,59680740000.0,0.4251579320229608,True,True
UGC09133,2,57.1,11.4,1,53.0,6.0,282.926,2.345,5.92,1284.78,6.97,864.63,33.428,60.35,226.8,4.2,1,"No07,No05",282926000000.0,2345000000.0,33427999999.999996,141463000000.0,44459240000.0,185922240000.0,0.23912814303442126,True,True
UGC09992,10,10.7,3.21,1,30.0,10.0,0.336,0.017,1.62,20.18,1.04,73.25,0.318,5.45,33.6,3.3,2,"Sw09,Sw02",336000000.0,17000000.0,318000000.0,168000000.0,422940000.0,590940000.0,0.7157071783937455,True,True
UGC10310,9,15.2,4.6,1,34.0,6.0,1.741,0.053,3.12,28.37,1.8,158.79,1.196,9.58,71.4,3.9,1,"Sw09,Sw02",1741000000.0,53000000.0,1196000000.0,870500000.0,1590680000.0,2461180000.0,0.6463078685833624,True,True
UGC11455,6,78.6,11.8,1,90.0,1.0,374.322,3.792,10.06,571.26,5.93,9568.2,13.335,43.44,269.4,7.4,1,SG06,374322000000.0,3792000000.0,13335000000.0,187161000000.0,17735550000.0,204896550000.0,0.08655855845303398,True,True
UGC11557,8,24.2,6.05,1,30.0,10.0,12.101,0.212,4.18,106.86,2.75,337.93,2.605,16.66,0.0,0.0,2,"Sw02,dB01",12101000000.0,212000000.0,2605000000.0,6050500000.0,3464650000.0,9515150000.0,0.3641193254967079,False,False
UGC11820,9,18.1,5.43,1,45.0,10.0,0.97,0.047,2.74,20.18,2.08,34.11,1.977,12.99,0.0,0.0,1,"KN08,vZ97",970000000.0,47000000.0,1977000000.0,485000000.0,2629410000.0,3114410000.0,0.8442722698681291,False,False
UGC11914,2,16.9,5.1,1,31.0,5.0,150.028,0.553,3.12,2425.66,2.44,3168.33,0.888,9.26,288.1,10.5,1,"No07,No05",150028000000.0,553000000.0,888000000.0,75014000000.0,1181040000.0,76195040000.0,0.01550022153672995,True,True
UGC12506,6,100.6,10.1,1,86.0,4.0,139.571,3.214,12.36,144.82,7.38,5608.28,35.556,59.01,234.0,16.8,2,Ha14,139571000000.0,3214000000.0,35556000000.0,69785500000.0,47289480000.0,117074980000.0,0.4039247326798604,True,True
UGC12632,9,9.77,2.93,1,46.0,3.0,1.301,0.03,3.94,13.09,2.42,66.81,1.744,12.6,71.7,2.8,1,"Sw09,Sw02",1301000000.0,30000000.0,1744000000.0,650500000.0,2319520000.0,2970020000.0,0.7809779058726877,True,True
UGC12732,9,13.2,4.0,1,39.0,6.0,1.667,0.048,3.12,26.84,1.98,120.46,3.66,17.41,0.0,0.0,1,"Sw09,Sw02",1667000000.0,48000000.0,3660000000.0,833500000.0,4867800000.0,5701300000.0,0.8538052724817147,False,False
UGCA281,11,5.68,0.28,2,67.0,3.0,0.194,0.007,1.57,12.5,1.72,12.05,0.062,1.83,0.0,0.0,3,Le14,194000000.0,7000000.0,62000000.0,97000000.0,82460000.0,179460000.0,0.4594895798506631,False,False
UGCA442,9,4.35,0.22,2,64.0,7.0,0.14,0.005,1.71,7.6,1.18,116.1,0.263,4.37,56.4,2.1,1,Co00,140000000.0,5000000.0,263000000.0,70000000.0,349790000.0,419790000.0,0.8332499583124896,True,True
UGCA444,10,0.98,0.05,2,78.0,4.0,0.012,0.0,0.41,11.94,0.83,22.74,0.067,2.08,37.0,4.8,2,Ke07,12000000.0,0.0,67000000.00000001,6000000.0,89110000.00000001,95110000.00000001,0.9369151508779309,True,True
